{"cameraMode":{"drawMode":0,"name":"Shaded","section":"Shading Mode"},"sceneLighting":false,"audioPlay":false,"sceneViewState":{"m_AlwaysRefresh":false,"showFog":false,"showSkybox":false,"showFlares":false,"showImageEffects":false,"showParticleSystems":false,"showVisualEffectGraphs":true,"m_FxEnabled":true},"in2DMode":false,"pivot":{"x":0.1468634456396103,"y":3.5787625312805177,"z":0.7519294619560242},"rotation":{"x":-0.0037980806082487108,"y":0.993230938911438,"z":-0.11101502925157547,"w":-0.03398087993264198},"size":1.2146369218826295,"orthographic":false}